cohort_id,covariate_id,count_value,min_value,max_value,mean,sd,median_value,p_10_value,p_25_value,p_75_value,p_90_value,time_id,database_id
2,1010,3499,0,51,7.493855387253501,7.263610632454393,5,2,3,9,17,NA,synpuf
2,1901,3443,0,29,9.872535010002858,5.597226459574028,9,3,5,14,18,NA,synpuf
2,1904,3499,0,9,4.991140325807374,1.98714604027778,5,2,4,6,8,NA,synpuf
2,1008,3499,0,1090,393.3978279508431,269.059830100423,362,52,161,599,788,NA,synpuf
2,1902,3411,0,13,6.420977422120606,2.7773249432510076,6,2,4,8,10,NA,synpuf
2,1009,3499,1,1101,578.5190054301229,278.2470014079083,601,175,360,808,935,NA,synpuf
2,1002,3499,25,101,73.80194341240355,13.276146804731702,75,56,68,83,89,NA,synpuf
2,1903,3499,0,6,3.340097170620177,1.5720984478461928,3,1,2,5,5,NA,synpuf
